<?xml version="1.0" encoding="UTF-8" standalone="yes"?>
<addon id="repository.elementum2" name="ELEMENTUM REPOSITORY UNOFFICIAL" provider-name="Joel" version="1.0.0">
  <extension point="xbmc.addon.repository" name="ELEMENTUM REPOSITORY UNOFFICIAL">
    <dir>
      <info compressed="false">https://archive.org/download/repository_elementum/addons.xml</info>
      <checksum>https://archive.org/download/repository_elementum/addons.xml.md5</checksum>
      <datadir zip="true">https://archive.org/download/repository_elementum/zips/</datadir>
      <hashes>false</hashes>
    </dir>
  </extension>
  <extension point="xbmc.addon.metadata">
    <platform>all</platform>
    <description lang="en_GB">Elementum</description>
    <license></license>
    <language></language>
    <website></website>
    <news></news>
    <assets>
      <icon>icon.png</icon>
      <fanart>fanart.jpg</fanart>
    </assets> 
  </extension>
</addon>